model_name,r2_score,mae
linear_regression,-0.2194548019232292,4131962.9799139756
catboost,-1.350257575676125,2358977.566437115
random_forest,-1.3390679144563449,2387934.892239476
