model_name,r2_score,mae
linear_regression,0.6749065222914767,0.30629693491498095
catboost,0.7202691682034048,0.25627238374296474
random_forest,0.6668219500519622,0.2718920974077604
